{"loss": 0.22879807651042938, "acc": 0.9180999994277954}